Unit,cm3cm2h-1,cm3cm2h-1,cm3h-1,cm3h-1
Date time,Cienciala Qi,SapNN Qi,Cienciala Qi,SapNN Qi
9/1/11 0:00,-0.01,-0.07,-0.02,-0.26
9/1/11 1:00,0.00,-0.14,-0.01,-0.46
9/1/11 2:00,-0.01,0.17,-0.02,0.60
9/1/11 3:00,0.00,0.36,0.00,1.25
9/1/11 4:00,-0.01,-0.07,-0.02,-0.26
9/1/11 5:00,0.00,-0.14,-0.01,-0.46
9/1/11 6:00,-0.01,0.17,-0.02,0.60
9/1/11 7:00,0.00,0.36,0.00,1.25
9/1/11 8:00,0.00,0.43,-0.01,1.47
9/1/11 9:00,0.00,0.27,0.00,0.92
9/1/11 10:00,0.00,0.30,0.00,1.01
9/1/11 11:00,0.00,0.29,-0.01,0.99
9/1/11 12:00,0.00,0.29,-0.01,1.00
9/1/11 13:00,0.08,0.39,0.26,1.34
9/1/11 14:00,0.50,0.92,1.72,3.13
9/1/11 15:00,0.92,0.82,3.15,2.82
9/1/11 16:00,1.25,1.35,4.28,4.62
9/1/11 17:00,2.02,3.05,6.92,10.43
9/1/11 18:00,1.11,1.55,3.79,5.29
9/1/11 19:00,1.08,1.62,3.68,5.54
9/1/11 20:00,0.60,1.12,2.05,3.82
9/1/11 21:00,0.53,0.48,1.82,1.65
9/1/11 22:00,0.42,0.60,1.43,2.06
9/1/11 23:00,0.18,0.48,0.62,1.65
9/2/11 0:00,0.09,0.50,0.29,1.72
9/2/11 1:00,0.02,1.09,0.07,3.74
9/2/11 2:00,0.00,1.14,-0.01,3.88
9/2/11 3:00,0.00,0.31,-0.01,1.06
9/2/11 4:00,0.00,0.21,0.00,0.71
9/2/11 5:00,0.00,0.21,-0.01,0.73
9/2/11 6:00,-0.01,0.43,-0.02,1.47
9/2/11 7:00,0.00,1.16,-0.02,3.97
9/2/11 8:00,-0.01,0.83,-0.03,2.85
9/2/11 9:00,-0.01,1.06,-0.03,3.63
9/2/11 10:00,-0.01,1.34,-0.03,4.60
9/2/11 11:00,-0.01,1.39,-0.03,4.75
9/2/11 12:00,0.00,1.40,0.00,4.78
9/2/11 13:00,0.19,1.71,0.66,5.84
9/2/11 14:00,0.96,2.57,3.27,8.80
9/2/11 15:00,1.98,2.33,6.76,7.98
9/2/11 16:00,2.33,2.13,7.96,7.27
9/2/11 17:00,2.50,2.01,8.57,6.88
9/2/11 18:00,2.86,2.23,9.80,7.63
9/2/11 19:00,3.19,2.74,10.92,9.39
9/2/11 20:00,0.61,0.32,2.08,1.10
9/2/11 21:00,0.28,0.20,0.95,0.70
9/2/11 22:00,0.93,-0.08,3.19,-0.26
9/2/11 23:00,0.54,-0.06,1.85,-0.22
9/3/11 0:00,0.21,0.09,0.72,0.32
9/3/11 1:00,0.06,0.25,0.22,0.84
9/3/11 2:00,-0.01,0.29,-0.04,0.98
9/3/11 3:00,-0.01,0.50,-0.04,1.73
9/3/11 4:00,-0.01,0.84,-0.03,2.86
9/3/11 5:00,-0.01,1.08,-0.02,3.70
9/3/11 6:00,0.00,1.13,-0.02,3.87
9/3/11 7:00,-0.01,1.04,-0.02,3.57
9/3/11 8:00,-0.01,1.27,-0.02,4.33
9/3/11 9:00,0.00,0.62,0.00,2.13
9/3/11 10:00,0.00,0.14,0.00,0.47
9/3/11 11:00,0.00,0.20,0.00,0.67
9/3/11 12:00,0.00,0.72,0.01,2.45
9/3/11 13:00,0.08,0.47,0.27,1.62
9/3/11 14:00,0.28,1.03,0.95,3.51
9/3/11 15:00,0.36,0.54,1.23,1.86
9/3/11 16:00,0.59,1.16,2.01,3.97
9/3/11 17:00,1.01,0.69,3.44,2.34
9/3/11 18:00,1.66,1.76,5.68,6.03
9/3/11 19:00,1.79,2.30,6.13,7.86
9/3/11 20:00,2.16,3.54,7.40,12.12
9/3/11 21:00,2.64,3.87,9.04,13.23
9/3/11 22:00,2.10,2.94,7.18,10.07
9/3/11 23:00,1.28,2.37,4.38,8.11
9/4/11 0:00,0.84,2.11,2.88,7.21
9/4/11 1:00,0.21,1.60,0.72,5.48
9/4/11 2:00,-0.01,0.32,-0.04,1.10
9/4/11 3:00,-0.01,0.37,-0.03,1.27
9/4/11 4:00,-0.01,0.68,-0.02,2.32
9/4/11 5:00,-0.01,0.28,-0.02,0.96
9/4/11 6:00,-0.01,0.26,-0.03,0.90
9/4/11 7:00,-0.01,0.84,-0.02,2.89
9/4/11 8:00,0.00,0.75,-0.01,2.55
9/4/11 9:00,0.00,0.80,-0.01,2.75
9/4/11 10:00,-0.01,0.25,-0.02,0.87
9/4/11 11:00,0.00,0.87,-0.01,2.97
9/4/11 12:00,0.00,0.70,0.00,2.40
9/4/11 13:00,0.06,1.15,0.21,3.94
9/4/11 14:00,0.44,1.68,1.50,5.74
9/4/11 15:00,0.74,2.26,2.55,7.73
9/4/11 16:00,1.08,2.49,3.69,8.52
9/4/11 17:00,1.38,1.84,4.73,6.28
9/4/11 18:00,3.00,3.08,10.27,10.53
9/4/11 19:00,2.69,3.31,9.20,11.31
9/4/11 20:00,3.22,2.70,11.01,9.23
9/4/11 21:00,2.45,2.87,8.39,9.82
9/4/11 22:00,2.18,2.68,7.47,9.16
9/4/11 23:00,1.64,2.75,5.61,9.42
9/5/11 0:00,0.91,2.63,3.11,8.98
9/5/11 1:00,0.20,1.87,0.69,6.38
9/5/11 2:00,-0.01,0.37,-0.04,1.27
9/5/11 3:00,-0.01,0.12,-0.04,0.43
9/5/11 4:00,-0.01,0.44,-0.04,1.50
9/5/11 5:00,-0.01,0.01,-0.04,0.03
9/5/11 6:00,-0.01,0.45,-0.04,1.54
9/5/11 7:00,-0.01,0.42,-0.04,1.43
9/5/11 8:00,-0.01,0.79,-0.03,2.69
9/5/11 9:00,-0.01,1.04,-0.03,3.57
9/5/11 10:00,-0.01,1.19,-0.03,4.06
9/5/11 11:00,-0.01,1.26,-0.03,4.32
9/5/11 12:00,0.00,1.23,-0.01,4.20
9/5/11 13:00,0.19,1.47,0.63,5.02
9/5/11 14:00,0.91,2.28,3.13,7.80
9/5/11 15:00,1.68,1.72,5.73,5.87
9/5/11 16:00,2.33,1.62,7.96,5.55
9/5/11 17:00,2.82,1.33,9.64,4.55
9/5/11 18:00,3.13,0.94,10.70,3.21
9/5/11 19:00,3.24,0.76,11.07,2.61
9/5/11 20:00,3.12,0.45,10.68,1.53
9/5/11 21:00,2.81,0.84,9.60,2.87
9/5/11 22:00,2.30,-0.37,7.86,-1.28
9/5/11 23:00,1.64,-0.12,5.60,-0.41
9/6/11 0:00,0.87,-0.07,2.96,-0.23
9/6/11 1:00,0.17,0.20,0.60,0.70
9/6/11 2:00,-0.01,-0.21,-0.05,-0.72
9/6/11 3:00,-0.01,-0.12,-0.04,-0.40
9/6/11 4:00,-0.01,0.14,-0.03,0.49
9/6/11 5:00,-0.01,0.47,-0.03,1.62
9/6/11 6:00,-0.01,0.74,-0.03,2.53
9/6/11 7:00,-0.01,0.89,-0.03,3.05
9/6/11 8:00,-0.01,1.03,-0.03,3.53
9/6/11 9:00,-0.01,1.08,-0.03,3.70
9/6/11 10:00,-0.01,1.14,-0.02,3.90
9/6/11 11:00,-0.01,1.21,-0.02,4.15
9/6/11 12:00,0.00,1.21,-0.01,4.16
9/6/11 13:00,0.17,1.43,0.58,4.89
9/6/11 14:00,0.90,1.93,3.09,6.61
9/6/11 15:00,1.68,0.38,5.75,1.30
9/6/11 16:00,2.33,-0.27,7.98,-0.93
9/6/11 17:00,2.82,-0.12,9.65,-0.42
9/6/11 18:00,3.12,0.30,10.68,1.03
9/6/11 19:00,3.23,0.26,11.05,0.90
9/6/11 20:00,3.10,0.31,10.62,1.05
9/6/11 21:00,2.79,0.25,9.55,0.84
9/6/11 22:00,2.30,0.53,7.88,1.80
9/6/11 23:00,1.63,0.53,5.58,1.81
9/7/11 0:00,0.86,-0.02,2.93,-0.07
9/7/11 1:00,0.16,0.17,0.56,0.59
9/7/11 2:00,-0.02,0.49,-0.06,1.68
9/7/11 3:00,-0.01,-0.20,-0.05,-0.69
9/7/11 4:00,-0.01,-0.16,-0.03,-0.54
9/7/11 5:00,-0.01,0.00,-0.02,-0.01
9/7/11 6:00,-0.01,0.11,-0.02,0.39
9/7/11 7:00,-0.01,0.28,-0.02,0.94
9/7/11 8:00,-0.01,0.42,-0.02,1.44
9/7/11 9:00,-0.01,0.76,-0.03,2.61
9/7/11 10:00,-0.01,0.88,-0.02,3.01
9/7/11 11:00,-0.01,1.01,-0.02,3.46
9/7/11 12:00,0.00,1.19,-0.01,4.09
9/7/11 13:00,0.24,1.44,0.82,4.92
9/7/11 14:00,0.94,1.92,3.23,6.57
9/7/11 15:00,1.67,-0.13,5.71,-0.46
9/7/11 16:00,2.34,-1.74,8.00,-5.96
9/7/11 17:00,2.83,-0.15,9.70,-0.50
9/7/11 18:00,3.13,0.56,10.72,1.93
9/7/11 19:00,3.24,0.67,11.07,2.28
9/7/11 20:00,3.13,0.54,10.71,1.86
9/7/11 21:00,2.82,0.42,9.63,1.43
9/7/11 22:00,2.30,0.12,7.86,0.40
9/7/11 23:00,1.65,0.64,5.64,2.20
9/8/11 0:00,0.86,-1.16,2.93,-3.98
9/8/11 1:00,0.15,-0.27,0.51,-0.91
9/8/11 2:00,-0.02,0.42,-0.06,1.42
9/8/11 3:00,-0.01,-0.01,-0.04,-0.04
9/8/11 4:00,-0.01,-0.12,-0.03,-0.41
9/8/11 5:00,-0.01,-0.13,-0.02,-0.46
9/8/11 6:00,-0.01,-0.03,-0.02,-0.09
9/8/11 7:00,-0.01,0.14,-0.02,0.47
9/8/11 8:00,-0.01,0.28,-0.02,0.96
9/8/11 9:00,0.00,0.49,-0.01,1.67
9/8/11 10:00,-0.01,0.54,-0.02,1.86
9/8/11 11:00,-0.01,0.69,-0.02,2.37
9/8/11 12:00,0.00,0.88,-0.01,3.00
9/8/11 13:00,0.21,1.03,0.71,3.51
9/8/11 14:00,0.87,1.18,2.99,4.03
9/8/11 15:00,1.63,0.10,5.56,0.34
9/8/11 16:00,2.28,0.43,7.80,1.48
9/8/11 17:00,2.76,-0.64,9.43,-2.19
9/8/11 18:00,3.04,-0.15,10.42,-0.50
9/8/11 19:00,3.15,0.19,10.79,0.65
9/8/11 20:00,3.03,0.27,10.36,0.93
9/8/11 21:00,2.70,0.00,9.25,0.01
9/8/11 22:00,2.21,-0.08,7.57,-0.26
9/8/11 23:00,1.56,-0.65,5.35,-2.21
9/9/11 0:00,0.78,-1.62,2.67,-5.54
9/9/11 1:00,0.13,-0.73,0.45,-2.49
9/9/11 2:00,-0.02,0.12,-0.05,0.41
9/9/11 3:00,-0.01,-0.16,-0.04,-0.56
9/9/11 4:00,-0.01,-0.11,-0.03,-0.38
9/9/11 5:00,-0.01,-0.09,-0.02,-0.32
9/9/11 6:00,-0.01,0.08,-0.02,0.26
9/9/11 7:00,-0.01,0.31,-0.02,1.08
9/9/11 8:00,-0.01,0.50,-0.02,1.70
9/9/11 9:00,-0.01,0.68,-0.02,2.32
9/9/11 10:00,-0.01,0.83,-0.02,2.84
9/9/11 11:00,-0.01,0.95,-0.02,3.25
9/9/11 12:00,0.00,1.02,-0.01,3.50
9/9/11 13:00,0.19,1.23,0.66,4.20
9/9/11 14:00,0.88,1.50,3.01,5.15
9/9/11 15:00,1.65,-1.66,5.63,-5.69
9/9/11 16:00,2.32,1.14,7.93,3.88
9/9/11 17:00,2.82,1.59,9.63,5.44
9/9/11 18:00,3.09,1.46,10.58,4.99
9/9/11 19:00,3.15,1.20,10.78,4.10
9/9/11 20:00,3.01,1.18,10.31,4.02
9/9/11 21:00,2.71,1.33,9.27,4.53
9/9/11 22:00,2.21,1.23,7.55,4.22
9/9/11 23:00,1.53,0.77,5.22,2.62
9/10/11 0:00,0.67,-2.24,2.28,-7.65
9/10/11 1:00,0.08,-0.89,0.27,-3.03
9/10/11 2:00,-0.01,0.33,-0.05,1.12
9/10/11 3:00,-0.01,-0.04,-0.03,-0.12
9/10/11 4:00,0.00,-0.17,-0.02,-0.59
9/10/11 5:00,0.00,0.24,-0.01,0.81
9/10/11 6:00,-0.01,0.10,-0.03,0.35
9/10/11 7:00,-0.01,0.10,-0.03,0.34
9/10/11 8:00,-0.01,0.14,-0.04,0.48
9/10/11 9:00,-0.01,0.47,-0.02,1.59
9/10/11 10:00,-0.01,0.69,-0.02,2.36
9/10/11 11:00,-0.01,0.87,-0.02,2.97
9/10/11 12:00,0.00,1.06,-0.02,3.61
9/10/11 13:00,0.15,1.18,0.51,4.04
9/10/11 14:00,0.85,1.46,2.90,5.00
9/10/11 15:00,1.64,1.20,5.60,4.09
9/10/11 16:00,2.29,2.17,7.83,7.42
9/10/11 17:00,2.65,2.26,9.06,7.73
9/10/11 18:00,2.70,2.24,9.22,7.66
9/10/11 19:00,3.17,1.51,10.84,5.18
9/10/11 20:00,3.04,2.76,10.39,9.44
9/10/11 21:00,2.67,2.41,9.15,8.25
9/10/11 22:00,1.99,2.81,6.81,9.63
9/10/11 23:00,1.52,2.93,5.21,10.04
9/11/11 0:00,0.75,2.26,2.55,7.73
9/11/11 1:00,0.10,1.78,0.33,6.09
9/11/11 2:00,-0.01,0.83,-0.04,2.84
9/11/11 3:00,-0.01,0.21,-0.04,0.73
9/11/11 4:00,-0.01,0.09,-0.03,0.32
9/11/11 5:00,-0.01,0.28,-0.03,0.97
9/11/11 6:00,-0.01,0.49,-0.03,1.67
9/11/11 7:00,0.00,0.63,-0.01,2.16
9/11/11 8:00,-0.01,0.70,-0.03,2.38
9/11/11 9:00,-0.01,1.03,-0.02,3.53
9/11/11 10:00,-0.01,1.11,-0.03,3.79
9/11/11 11:00,-0.01,0.22,-0.02,0.75
9/11/11 12:00,0.00,1.18,-0.01,4.03
9/11/11 13:00,0.10,0.93,0.34,3.18
9/11/11 14:00,0.51,1.46,1.73,5.00
9/11/11 15:00,0.95,1.10,3.25,3.75
9/11/11 16:00,1.66,1.83,5.68,6.27
9/11/11 17:00,2.46,3.38,8.41,11.57
9/11/11 18:00,2.56,3.28,8.77,11.24
9/11/11 19:00,3.04,2.70,10.39,9.25
9/11/11 20:00,2.61,2.79,8.92,9.54
9/11/11 21:00,2.02,2.81,6.91,9.61
9/11/11 22:00,1.95,2.87,6.67,9.83
9/11/11 23:00,1.35,2.49,4.61,8.53
9/12/11 0:00,0.67,1.49,2.28,5.11
9/12/11 1:00,0.09,0.49,0.31,1.69
9/12/11 2:00,-0.01,0.27,-0.03,0.92
9/12/11 3:00,-0.01,0.08,-0.04,0.29
9/12/11 4:00,-0.01,0.22,-0.03,0.76
9/12/11 5:00,-0.01,0.56,-0.03,1.92
9/12/11 6:00,-0.01,0.79,-0.02,2.70
9/12/11 7:00,-0.01,1.02,-0.02,3.49
9/12/11 8:00,-0.01,1.16,-0.02,3.96
9/12/11 9:00,-0.01,1.23,-0.02,4.21
9/12/11 10:00,0.00,1.30,-0.02,4.43
9/12/11 11:00,-0.01,1.28,-0.02,4.38
9/12/11 12:00,0.00,1.31,-0.01,4.48
9/12/11 13:00,0.17,1.54,0.58,5.27
9/12/11 14:00,0.85,2.30,2.92,7.87
9/12/11 15:00,1.58,2.11,5.39,7.22
9/12/11 16:00,2.22,1.57,7.61,5.37
9/12/11 17:00,2.71,0.85,9.28,2.92
9/12/11 18:00,2.98,-0.17,10.19,-0.59
9/12/11 19:00,3.11,-0.21,10.64,-0.72
9/12/11 20:00,2.97,-0.74,10.15,-2.55
9/12/11 21:00,2.64,-0.89,9.03,-3.03
9/12/11 22:00,2.14,-1.13,7.31,-3.87
9/12/11 23:00,1.48,0.41,5.05,1.39
9/13/11 0:00,0.72,-0.50,2.45,-1.69
9/13/11 1:00,0.09,-0.25,0.32,-0.86
9/13/11 2:00,-0.01,-0.04,-0.05,-0.14
9/13/11 3:00,-0.01,-0.18,-0.03,-0.61
9/13/11 4:00,-0.01,-0.17,-0.03,-0.57
9/13/11 5:00,-0.01,0.00,-0.02,0.00
9/13/11 6:00,-0.01,0.23,-0.02,0.80
9/13/11 7:00,-0.01,0.39,-0.02,1.35
9/13/11 8:00,0.00,0.53,-0.02,1.83
9/13/11 9:00,0.00,0.67,-0.01,2.30
9/13/11 10:00,-0.01,0.78,-0.02,2.68
9/13/11 11:00,0.00,0.90,-0.02,3.07
9/13/11 12:00,0.00,0.96,-0.01,3.29
9/13/11 13:00,0.15,1.15,0.51,3.92
9/13/11 14:00,0.81,1.42,2.76,4.86
9/13/11 15:00,1.55,0.01,5.31,0.03
9/13/11 16:00,2.20,-0.94,7.53,-3.23
9/13/11 17:00,2.68,-0.92,9.16,-3.14
9/13/11 18:00,2.97,-0.62,10.15,-2.10
9/13/11 19:00,3.07,-0.04,10.49,-0.14
9/13/11 20:00,2.88,0.20,9.86,0.70
9/13/11 21:00,2.50,-0.20,8.56,-0.70
9/13/11 22:00,1.91,-1.40,6.53,-4.80
9/13/11 23:00,1.48,-0.71,5.08,-2.43
9/14/11 0:00,0.68,-0.76,2.31,-2.58
9/14/11 1:00,0.08,-1.10,0.26,-3.75
9/14/11 2:00,-0.01,0.37,-0.05,1.26
9/14/11 3:00,-0.01,0.15,-0.03,0.51
9/14/11 4:00,0.00,0.38,0.00,1.31
9/14/11 5:00,-0.01,0.27,-0.03,0.91
9/14/11 6:00,-0.01,0.22,-0.03,0.76
9/14/11 7:00,-0.01,0.11,-0.03,0.39
9/14/11 8:00,-0.01,0.18,-0.03,0.62
9/14/11 9:00,-0.01,0.21,-0.03,0.72
9/14/11 10:00,-0.01,0.21,-0.03,0.71
9/14/11 11:00,-0.01,0.30,-0.03,1.02
9/14/11 12:00,-0.01,0.27,-0.02,0.94
9/14/11 13:00,0.14,0.54,0.48,1.84
9/14/11 14:00,0.78,1.00,2.66,3.41
9/14/11 15:00,1.51,1.78,5.17,6.10
9/14/11 16:00,2.16,2.61,7.38,8.92
9/14/11 17:00,2.63,1.28,9.00,4.37
9/14/11 18:00,2.92,-0.23,10.00,-0.79
9/14/11 19:00,3.00,-0.27,10.27,-0.94
9/14/11 20:00,2.84,-0.76,9.70,-2.59
9/14/11 21:00,2.52,-0.87,8.60,-2.96
9/14/11 22:00,2.02,-1.43,6.90,-4.89
9/14/11 23:00,1.01,-2.95,3.44,-10.10
9/15/11 0:00,0.33,-0.93,1.13,-3.17
9/15/11 1:00,0.05,-0.04,0.17,-0.12
9/15/11 2:00,-0.01,0.33,-0.04,1.11
9/15/11 3:00,-0.01,0.06,-0.03,0.21
9/15/11 4:00,-0.01,-0.05,-0.02,-0.17
9/15/11 5:00,-0.01,-0.20,-0.02,-0.69
9/15/11 6:00,-0.01,-0.11,-0.02,-0.39
9/15/11 7:00,0.00,-0.05,0.00,-0.16
9/15/11 8:00,-0.01,-0.02,-0.02,-0.07
9/15/11 9:00,-0.01,0.19,-0.02,0.64
9/15/11 10:00,0.00,0.30,-0.01,1.03
9/15/11 11:00,-0.01,0.34,-0.02,1.15
9/15/11 12:00,0.00,0.59,-0.01,2.01
9/15/11 13:00,0.12,0.78,0.41,2.67
9/15/11 14:00,0.72,0.93,2.47,3.18
9/15/11 15:00,1.42,-0.73,4.86,-2.51
9/15/11 16:00,2.15,-1.72,7.34,-5.89
9/15/11 17:00,2.67,-0.66,9.13,-2.25
9/15/11 18:00,2.50,-0.29,8.54,-1.00
9/15/11 19:00,2.95,0.00,10.08,0.01
9/15/11 20:00,2.89,-0.06,9.88,-0.20
9/15/11 21:00,2.47,0.11,8.45,0.38
9/15/11 22:00,1.87,0.55,6.40,1.87
9/15/11 23:00,1.32,-0.91,4.52,-3.12
9/16/11 0:00,0.59,-1.68,2.01,-5.75
9/16/11 1:00,0.05,-0.35,0.16,-1.19
9/16/11 2:00,-0.01,0.31,-0.04,1.06
9/16/11 3:00,-0.01,-0.15,-0.04,-0.51
9/16/11 4:00,-0.01,-0.28,-0.02,-0.96
9/16/11 5:00,0.00,-0.16,-0.02,-0.56
9/16/11 6:00,-0.01,-0.18,-0.02,-0.60
9/16/11 7:00,0.00,-0.04,-0.01,-0.15
9/16/11 8:00,0.00,0.04,-0.01,0.13
9/16/11 9:00,0.00,0.08,-0.01,0.29
9/16/11 10:00,0.00,0.18,-0.01,0.63
9/16/11 11:00,0.00,0.14,0.00,0.49
9/16/11 12:00,0.00,0.05,-0.01,0.16
9/16/11 13:00,0.09,0.11,0.32,0.38
9/16/11 14:00,0.56,0.49,1.92,1.68
9/16/11 15:00,1.29,0.37,4.41,1.26
9/16/11 16:00,2.02,-0.22,6.90,-0.75
9/16/11 17:00,2.06,-0.46,7.06,-1.57
9/16/11 18:00,2.38,-1.19,8.15,-4.06
9/16/11 19:00,1.50,-0.79,5.13,-2.69
9/16/11 20:00,2.56,-0.95,8.77,-3.26
9/16/11 21:00,2.42,0.09,8.30,0.32
9/16/11 22:00,1.23,0.60,4.20,2.04
9/16/11 23:00,0.23,0.67,0.77,2.28
9/17/11 0:00,0.10,0.07,0.34,0.24
9/17/11 1:00,0.01,0.61,0.02,2.09
9/17/11 2:00,-0.01,0.82,-0.02,2.81
9/17/11 3:00,-0.01,0.20,-0.04,0.68
9/17/11 4:00,-0.01,0.00,-0.03,-0.01
9/17/11 5:00,0.00,0.09,-0.01,0.31
9/17/11 6:00,-0.01,0.12,-0.03,0.42
9/17/11 7:00,-0.01,0.35,-0.03,1.19
9/17/11 8:00,-0.01,0.63,-0.03,2.14
9/17/11 9:00,-0.01,0.88,-0.02,3.03
9/17/11 10:00,0.00,1.06,-0.01,3.61
9/17/11 11:00,-0.01,1.05,-0.02,3.61
9/17/11 12:00,0.00,1.10,-0.02,3.76
9/17/11 13:00,0.11,1.31,0.37,4.49
9/17/11 14:00,0.72,1.96,2.48,6.72
9/17/11 15:00,1.37,1.69,4.68,5.78
9/17/11 16:00,2.03,1.26,6.93,4.30
9/17/11 17:00,2.54,0.49,8.70,1.67
9/17/11 18:00,2.35,-0.22,8.03,-0.75
9/17/11 19:00,2.02,3.09,6.91,10.56
9/17/11 20:00,2.35,3.04,8.03,10.40
9/17/11 21:00,1.87,3.17,6.39,10.86
9/17/11 22:00,1.65,2.77,5.64,9.48
9/17/11 23:00,1.11,2.49,3.79,8.51
9/18/11 0:00,0.54,2.45,1.84,8.39
9/18/11 1:00,0.03,1.66,0.11,5.67
9/18/11 2:00,-0.01,1.04,-0.04,3.54
9/18/11 3:00,-0.01,0.72,-0.05,2.47
9/18/11 4:00,-0.01,0.40,-0.03,1.37
9/18/11 5:00,-0.01,0.38,-0.02,1.30
9/18/11 6:00,-0.01,0.25,-0.04,0.85
9/18/11 7:00,-0.01,0.19,-0.03,0.64
9/18/11 8:00,-0.01,0.33,-0.03,1.14
9/18/11 9:00,-0.01,0.45,-0.02,1.55
9/18/11 10:00,-0.01,0.59,-0.03,2.01
9/18/11 11:00,-0.01,0.86,-0.02,2.95
9/18/11 12:00,-0.01,0.99,-0.02,3.38
9/18/11 13:00,0.08,1.12,0.26,3.84
9/18/11 14:00,0.61,1.19,2.08,4.08
9/18/11 15:00,1.46,0.63,4.99,2.17
9/18/11 16:00,2.15,1.27,7.34,4.35
9/18/11 17:00,2.63,1.36,8.98,4.66
9/18/11 18:00,2.95,2.00,10.11,6.86
9/18/11 19:00,3.05,2.37,10.44,8.10
9/18/11 20:00,2.92,2.24,9.98,7.67
9/18/11 21:00,2.53,1.55,8.64,5.29
9/18/11 22:00,1.55,1.54,5.31,5.28
9/18/11 23:00,0.77,0.32,2.65,1.10
9/19/11 0:00,0.53,1.76,1.81,6.00
9/19/11 1:00,0.04,1.08,0.15,3.69
9/19/11 2:00,-0.01,0.97,-0.04,3.30
9/19/11 3:00,-0.01,1.10,-0.04,3.77
9/19/11 4:00,-0.01,0.86,-0.04,2.94
9/19/11 5:00,-0.01,0.61,-0.04,2.08
9/19/11 6:00,-0.01,0.42,-0.04,1.43
9/19/11 7:00,-0.01,0.45,-0.04,1.55
9/19/11 8:00,-0.01,0.60,-0.04,2.07
9/19/11 9:00,-0.01,0.40,-0.04,1.37
9/19/11 10:00,-0.01,0.51,-0.03,1.73
9/19/11 11:00,-0.01,0.66,-0.03,2.26
9/19/11 12:00,-0.01,0.88,-0.03,3.00
9/19/11 13:00,0.11,1.09,0.36,3.73
9/19/11 14:00,0.79,0.66,2.72,2.25
9/19/11 15:00,1.56,1.83,5.35,6.25
9/19/11 16:00,2.23,2.83,7.64,9.67
9/19/11 17:00,2.73,2.28,9.35,7.80
9/19/11 18:00,3.01,1.89,10.31,6.45
9/19/11 19:00,3.09,1.43,10.58,4.89
9/19/11 20:00,2.93,0.92,10.03,3.16
9/19/11 21:00,2.59,0.56,8.88,1.92
9/19/11 22:00,2.06,0.58,7.04,1.97
9/19/11 23:00,1.36,-0.46,4.66,-1.59
9/20/11 0:00,0.59,-0.78,2.01,-2.66
9/20/11 1:00,0.04,0.65,0.12,2.24
9/20/11 2:00,-0.01,0.51,-0.04,1.73
9/20/11 3:00,-0.01,-0.05,-0.04,-0.16
9/20/11 4:00,-0.01,-0.06,-0.03,-0.19
9/20/11 5:00,-0.01,-0.01,-0.03,-0.03
9/20/11 6:00,-0.01,0.03,-0.02,0.11
9/20/11 7:00,-0.01,0.08,-0.02,0.26
9/20/11 8:00,-0.01,0.15,-0.02,0.51
9/20/11 9:00,-0.01,0.23,-0.02,0.77
9/20/11 10:00,-0.01,0.27,-0.02,0.93
9/20/11 11:00,-0.01,0.48,-0.02,1.63
9/20/11 12:00,-0.01,0.54,-0.02,1.83
9/20/11 13:00,0.10,0.54,0.35,1.86
9/20/11 14:00,0.77,0.27,2.62,0.92
9/20/11 15:00,1.53,0.36,5.22,1.22
9/20/11 16:00,2.20,2.30,7.51,7.85
9/20/11 17:00,2.68,1.29,9.16,4.42
9/20/11 18:00,2.97,0.63,10.15,2.14
9/20/11 19:00,3.06,0.36,10.46,1.23
9/20/11 20:00,2.91,0.47,9.97,1.60
9/20/11 21:00,2.57,0.42,8.78,1.43
9/20/11 22:00,2.03,-0.92,6.96,-3.14
9/20/11 23:00,1.34,-3.32,4.58,-11.36
9/21/11 0:00,0.51,-2.24,1.76,-7.67
9/21/11 1:00,0.01,0.14,0.04,0.48
9/21/11 2:00,-0.02,0.14,-0.05,0.47
9/21/11 3:00,-0.01,-0.02,-0.04,-0.05
9/21/11 4:00,-0.01,-0.08,-0.03,-0.26
9/21/11 5:00,-0.01,0.07,-0.02,0.23
9/21/11 6:00,-0.01,-0.07,-0.02,-0.24
9/21/11 7:00,-0.01,-0.03,-0.02,-0.11
9/21/11 8:00,-0.01,-0.01,-0.02,-0.03
9/21/11 9:00,0.00,0.19,-0.01,0.64
9/21/11 10:00,0.00,0.29,-0.02,0.99
9/21/11 11:00,-0.01,0.33,-0.02,1.13
9/21/11 12:00,0.00,0.31,-0.01,1.05
9/21/11 13:00,0.10,0.35,0.36,1.18
9/21/11 14:00,0.67,0.03,2.30,0.10
9/21/11 15:00,1.37,-1.45,4.69,-4.95
9/21/11 16:00,2.03,-2.16,6.95,-7.39
9/21/11 17:00,2.51,-0.93,8.57,-3.17
9/21/11 18:00,2.82,0.36,9.65,1.25
9/21/11 19:00,2.91,1.54,9.96,5.28
9/21/11 20:00,2.83,0.88,9.67,3.02
9/21/11 21:00,2.46,1.54,8.41,5.26
9/21/11 22:00,1.90,0.95,6.48,3.24
9/21/11 23:00,0.78,1.21,2.68,4.13
9/22/11 0:00,0.44,-0.43,1.51,-1.46
9/22/11 1:00,0.02,0.15,0.07,0.50
9/22/11 2:00,-0.01,0.27,-0.04,0.93
9/22/11 3:00,-0.01,0.17,-0.03,0.59
9/22/11 4:00,-0.01,0.12,-0.03,0.41
9/22/11 5:00,-0.01,-0.10,-0.02,-0.35
9/22/11 6:00,0.00,0.05,-0.01,0.18
9/22/11 7:00,-0.01,0.13,-0.02,0.44
9/22/11 8:00,-0.01,0.09,-0.02,0.30
9/22/11 9:00,0.00,0.25,-0.02,0.86
9/22/11 10:00,-0.01,0.22,-0.02,0.74
9/22/11 11:00,-0.01,0.40,-0.02,1.38
9/22/11 12:00,0.00,0.50,-0.02,1.71
9/22/11 13:00,0.10,0.68,0.34,2.32
9/22/11 14:00,0.66,0.89,2.25,3.04
9/22/11 15:00,1.38,0.64,4.71,2.18
9/22/11 16:00,2.02,0.72,6.91,2.45
9/22/11 17:00,2.51,0.77,8.58,2.62
9/22/11 18:00,2.80,0.76,9.59,2.61
9/22/11 19:00,2.87,0.14,9.81,0.49
9/22/11 20:00,2.75,0.38,9.41,1.30
9/22/11 21:00,2.56,-0.44,8.76,-1.52
9/22/11 22:00,1.92,0.38,6.57,1.29
9/22/11 23:00,1.08,-0.25,3.69,-0.84
9/23/11 0:00,0.34,-0.47,1.18,-1.62
9/23/11 1:00,0.01,0.24,0.05,0.84
9/23/11 2:00,-0.01,0.43,-0.02,1.49
9/23/11 3:00,-0.01,0.41,-0.02,1.40
9/23/11 4:00,-0.01,0.39,-0.03,1.35
9/23/11 5:00,-0.01,0.37,-0.03,1.26
9/23/11 6:00,-0.01,0.34,-0.02,1.17
9/23/11 7:00,-0.01,0.33,-0.03,1.13
9/23/11 8:00,-0.01,0.06,-0.03,0.22
9/23/11 9:00,-0.01,0.21,-0.02,0.70
9/23/11 10:00,-0.01,0.23,-0.03,0.79
9/23/11 11:00,-0.01,0.63,-0.03,2.14
9/23/11 12:00,-0.01,0.70,-0.03,2.40
9/23/11 13:00,0.09,1.06,0.31,3.61
9/23/11 14:00,0.64,1.23,2.19,4.19
9/23/11 15:00,1.35,1.19,4.62,4.07
9/23/11 16:00,1.38,2.52,4.71,8.64
9/23/11 17:00,2.06,1.39,7.03,4.77
9/23/11 18:00,2.57,3.82,8.79,13.05
9/23/11 19:00,2.83,3.02,9.69,10.34
9/23/11 20:00,2.91,2.87,9.95,9.80
9/23/11 21:00,2.72,2.95,9.29,10.08
9/23/11 22:00,2.37,2.75,8.10,9.41
9/23/11 23:00,1.81,2.71,6.20,9.28
9/24/11 0:00,1.11,2.58,3.79,8.81
9/24/11 1:00,0.38,1.80,1.30,6.17
9/24/11 2:00,0.01,0.71,0.03,2.44
9/24/11 3:00,0.00,0.31,0.00,1.07
9/24/11 4:00,0.00,0.26,0.00,0.90
9/24/11 5:00,0.00,0.21,0.00,0.74
9/24/11 6:00,0.00,0.26,0.00,0.89
9/24/11 7:00,0.00,0.12,0.00,0.41
9/24/11 8:00,0.00,0.07,0.00,0.24
9/24/11 9:00,0.00,0.13,0.00,0.45
9/24/11 10:00,0.00,0.11,0.00,0.38
9/24/11 11:00,0.00,0.13,0.00,0.45
9/24/11 12:00,0.00,0.12,0.00,0.41
9/24/11 13:00,0.00,0.54,0.00,1.83
9/24/11 14:00,0.11,0.90,0.37,3.07
9/24/11 15:00,0.75,1.64,2.57,5.62
9/24/11 16:00,1.42,2.03,4.85,6.96
9/24/11 17:00,2.07,2.29,7.07,7.83
9/24/11 18:00,2.57,2.35,8.78,8.03
9/24/11 19:00,2.84,2.28,9.70,7.78
9/24/11 20:00,2.88,2.60,9.85,8.89
9/24/11 21:00,2.74,2.87,9.38,9.81
9/24/11 22:00,2.38,2.14,8.14,7.30
9/24/11 23:00,1.81,1.84,6.20,6.29
9/25/11 0:00,1.12,1.54,3.83,5.27
9/25/11 1:00,0.39,0.47,1.33,1.59
9/25/11 2:00,0.00,0.54,0.01,1.85
9/25/11 3:00,0.00,0.46,0.00,1.56
9/25/11 4:00,0.00,0.46,0.00,1.57
9/25/11 5:00,0.00,0.48,0.00,1.65
9/25/11 6:00,0.00,0.53,0.00,1.80
9/25/11 7:00,0.00,0.42,0.00,1.44
9/25/11 8:00,0.00,0.30,0.00,1.04
9/25/11 9:00,0.00,0.33,0.00,1.14
9/25/11 10:00,0.00,0.23,0.00,0.79
9/25/11 11:00,0.00,0.26,0.00,0.88
9/25/11 12:00,0.00,0.69,0.00,2.36
9/25/11 13:00,0.00,1.14,0.00,3.90
9/25/11 14:00,0.12,1.57,0.42,5.36
9/25/11 15:00,0.71,2.93,2.42,10.03
9/25/11 16:00,1.43,2.98,4.88,10.21
9/25/11 17:00,2.06,2.22,7.04,7.59
9/25/11 18:00,2.51,1.86,8.59,6.35
9/25/11 19:00,2.78,0.67,9.50,2.29
9/25/11 20:00,2.83,-0.73,9.69,-2.50
9/25/11 21:00,2.65,-1.11,9.07,-3.79
9/25/11 22:00,2.28,-1.59,7.80,-5.45
9/25/11 23:00,1.72,-0.64,5.88,-2.18
9/26/11 0:00,1.04,-1.29,3.55,-4.40
9/26/11 1:00,0.34,-0.10,1.17,-0.35
9/26/11 2:00,0.00,0.17,0.01,0.58
9/26/11 3:00,0.00,0.25,0.00,0.84
9/26/11 4:00,0.00,0.19,0.00,0.65
9/26/11 5:00,0.00,0.42,0.00,1.44
9/26/11 6:00,0.00,0.17,0.00,0.59
9/26/11 7:00,0.00,0.20,0.00,0.69
9/26/11 8:00,0.00,0.29,0.00,1.00
9/26/11 9:00,0.00,0.35,0.00,1.18
9/26/11 10:00,0.00,0.35,0.00,1.19
9/26/11 11:00,0.00,0.40,0.00,1.35
9/26/11 12:00,0.00,0.59,0.00,2.00
9/26/11 13:00,0.00,0.76,0.00,2.59
9/26/11 14:00,0.11,0.96,0.38,3.27
9/26/11 15:00,0.68,1.02,2.32,3.47
9/26/11 16:00,1.40,0.10,4.80,0.35
9/26/11 17:00,2.02,0.36,6.92,1.25
9/26/11 18:00,2.48,-0.88,8.49,-2.99
9/26/11 19:00,2.76,-1.06,9.44,-3.63
9/26/11 20:00,2.82,-0.85,9.64,-2.90
9/26/11 21:00,2.64,-1.18,9.05,-4.03
9/26/11 22:00,2.27,-0.80,7.77,-2.74
9/26/11 23:00,1.70,-1.21,5.81,-4.13
9/27/11 0:00,0.99,-3.21,3.38,-10.98
9/27/11 1:00,0.31,-1.85,1.07,-6.32
9/27/11 2:00,0.00,0.04,0.01,0.13
9/27/11 3:00,0.00,0.46,0.00,1.56
9/27/11 4:00,0.00,0.46,0.00,1.56
9/27/11 5:00,0.00,0.40,0.00,1.36
9/27/11 6:00,0.00,0.43,0.00,1.49
9/27/11 7:00,0.00,0.41,0.00,1.39
9/27/11 8:00,0.00,0.44,0.00,1.51
9/27/11 9:00,0.00,0.32,0.00,1.10
9/27/11 10:00,0.00,0.29,0.00,1.00
9/27/11 11:00,0.00,0.30,0.00,1.04
9/27/11 12:00,0.00,0.17,0.00,0.57
9/27/11 13:00,0.00,0.31,0.00,1.07
9/27/11 14:00,0.12,0.34,0.42,1.15
9/27/11 15:00,0.78,0.28,2.65,0.96
9/27/11 16:00,1.31,-0.51,4.47,-1.74
9/27/11 17:00,1.26,-0.86,4.31,-2.95
9/27/11 18:00,2.07,-0.78,7.07,-2.66
9/27/11 19:00,2.17,-1.50,7.43,-5.15
9/27/11 20:00,1.87,-1.58,6.39,-5.39
9/27/11 21:00,1.32,-2.27,4.52,-7.78
9/27/11 22:00,1.35,-0.22,4.61,-0.74
9/27/11 23:00,1.01,-1.41,3.47,-4.83
9/28/11 0:00,0.38,-1.09,1.29,-3.74
9/28/11 1:00,0.20,-0.31,0.68,-1.06
9/28/11 2:00,0.00,0.28,0.00,0.96
9/28/11 3:00,0.00,0.33,0.00,1.13
9/28/11 4:00,0.00,0.30,0.00,1.04
9/28/11 5:00,0.00,0.16,0.00,0.54
9/28/11 6:00,0.00,0.37,0.00,1.26
9/28/11 7:00,0.00,0.02,0.00,0.08
9/28/11 8:00,0.00,0.18,0.00,0.61
9/28/11 9:00,0.00,0.13,0.00,0.43
9/28/11 10:00,0.00,-0.09,0.00,-0.31
9/28/11 11:00,0.00,0.23,0.00,0.79
9/28/11 12:00,0.00,0.45,0.00,1.54
9/28/11 13:00,0.00,0.23,0.00,0.80
9/28/11 14:00,0.04,0.31,0.13,1.06
9/28/11 15:00,0.73,-0.41,2.49,-1.40
9/28/11 16:00,1.16,0.27,3.98,0.92
9/28/11 17:00,1.73,2.22,5.91,7.59
9/28/11 18:00,2.80,0.86,9.59,2.95
9/28/11 19:00,2.40,1.60,8.21,5.47
9/28/11 20:00,1.42,-0.33,4.85,-1.12
9/28/11 21:00,1.24,1.18,4.24,4.04
9/28/11 22:00,0.75,2.07,2.55,7.08
9/28/11 23:00,0.34,1.73,1.17,5.93
9/29/11 0:00,0.11,1.55,0.39,5.32
9/29/11 1:00,0.00,0.55,0.00,1.89
9/29/11 2:00,-0.01,0.26,-0.02,0.89
9/29/11 3:00,0.00,-0.23,-0.01,-0.78
9/29/11 4:00,0.00,-0.24,-0.01,-0.81
9/29/11 5:00,-0.01,-0.21,-0.02,-0.72
9/29/11 6:00,0.00,-0.09,-0.01,-0.32
9/29/11 7:00,0.00,-0.13,-0.01,-0.44
9/29/11 8:00,0.00,-0.13,0.00,-0.45
9/29/11 9:00,0.00,-0.09,-0.01,-0.32
9/29/11 10:00,0.00,-0.10,0.00,-0.33
9/29/11 11:00,0.00,0.11,0.00,0.36
9/29/11 12:00,0.00,-0.09,-0.01,-0.30
9/29/11 13:00,0.04,-0.08,0.12,-0.29
9/29/11 14:00,0.28,-0.09,0.96,-0.31
9/29/11 15:00,0.70,-0.32,2.41,-1.09
9/29/11 16:00,1.52,-0.45,5.19,-1.55
9/29/11 17:00,2.39,0.05,8.17,0.17
9/29/11 18:00,2.77,0.44,9.47,1.49
9/29/11 19:00,2.66,0.97,9.10,3.33
9/29/11 20:00,2.72,0.45,9.31,1.55
9/29/11 21:00,2.36,0.50,8.09,1.72
9/29/11 22:00,1.76,-1.22,6.01,-4.17
9/29/11 23:00,1.04,-3.42,3.57,-11.71
9/30/11 0:00,0.30,-1.07,1.02,-3.65
9/30/11 1:00,-0.01,0.20,-0.03,0.69
9/30/11 2:00,-0.01,0.48,-0.03,1.63
9/30/11 3:00,-0.01,0.24,-0.03,0.82
9/30/11 4:00,-0.01,0.00,-0.03,0.00
9/30/11 5:00,-0.01,-0.13,-0.02,-0.45
9/30/11 6:00,-0.01,-0.04,-0.02,-0.14
9/30/11 7:00,-0.01,-0.09,-0.02,-0.30
9/30/11 8:00,-0.01,0.05,-0.02,0.16
9/30/11 9:00,0.00,0.05,-0.02,0.18
9/30/11 10:00,0.00,0.12,-0.01,0.40
9/30/11 11:00,0.00,0.28,-0.01,0.97
9/30/11 12:00,-0.01,0.26,-0.02,0.88
9/30/11 13:00,0.07,0.40,0.22,1.36
9/30/11 14:00,0.55,0.42,1.87,1.45
9/30/11 15:00,1.12,-0.34,3.83,-1.16
9/30/11 16:00,1.92,-0.90,6.56,-3.08
9/30/11 17:00,2.38,-0.75,8.16,-2.58
9/30/11 18:00,2.24,-0.32,7.68,-1.09
9/30/11 19:00,2.86,0.06,9.78,0.21
9/30/11 20:00,2.62,0.20,8.98,0.69
9/30/11 21:00,0.87,-1.91,2.99,-6.54
9/30/11 22:00,1.26,-0.17,4.30,-0.60
9/30/11 23:00,1.02,-3.05,3.50,-10.43
10/1/11 0:00,0.30,-0.87,1.02,-2.99
10/1/11 1:00,-0.01,0.50,-0.05,1.71
10/1/11 2:00,-0.01,0.41,-0.02,1.40
10/1/11 3:00,-0.01,0.24,-0.03,0.81
10/1/11 4:00,-0.01,-0.09,-0.02,-0.30
10/1/11 5:00,0.00,0.04,-0.01,0.15
10/1/11 6:00,-0.01,0.02,-0.02,0.06
10/1/11 7:00,-0.01,0.09,-0.02,0.31
10/1/11 8:00,-0.01,0.21,-0.02,0.71
10/1/11 9:00,0.00,0.46,-0.01,1.57
10/1/11 10:00,-0.01,0.48,-0.02,1.63
10/1/11 11:00,0.00,0.63,-0.02,2.16
10/1/11 12:00,0.00,0.71,-0.01,2.44
10/1/11 13:00,0.06,0.84,0.22,2.89
10/1/11 14:00,0.58,0.76,1.98,2.58
10/1/11 15:00,1.30,-0.52,4.44,-1.79
10/1/11 16:00,1.93,-0.40,6.60,-1.37
10/1/11 17:00,2.38,-1.06,8.16,-3.62
10/1/11 18:00,2.65,-0.61,9.08,-2.08
10/1/11 19:00,2.76,0.28,9.44,0.94
10/1/11 20:00,2.61,1.48,8.92,5.08
10/1/11 21:00,2.24,0.38,7.65,1.30
10/1/11 22:00,1.64,-1.15,5.60,-3.93
10/1/11 23:00,0.99,-2.41,3.38,-8.26
10/2/11 0:00,0.37,-0.14,1.28,-0.47
10/2/11 1:00,0.00,0.56,0.00,1.91
10/2/11 2:00,-0.01,0.50,-0.05,1.72
10/2/11 3:00,-0.01,-0.05,-0.04,-0.17
10/2/11 4:00,-0.01,-0.09,-0.03,-0.29
10/2/11 5:00,-0.01,-0.07,-0.03,-0.24
10/2/11 6:00,-0.01,0.07,-0.02,0.23
10/2/11 7:00,-0.01,0.18,-0.02,0.62
10/2/11 8:00,0.00,0.11,-0.02,0.37
10/2/11 9:00,-0.01,0.18,-0.02,0.61
10/2/11 10:00,0.00,0.28,-0.01,0.97
10/2/11 11:00,0.00,0.41,-0.01,1.41
10/2/11 12:00,-0.01,0.44,-0.02,1.51
10/2/11 13:00,0.06,0.59,0.21,2.02
10/2/11 14:00,0.57,0.65,1.94,2.24
10/2/11 15:00,1.26,-0.30,4.32,-1.01
10/2/11 16:00,1.96,0.27,6.69,0.94
10/2/11 17:00,1.96,1.61,6.70,5.51
10/2/11 18:00,2.74,1.41,9.39,4.84
10/2/11 19:00,2.76,0.94,9.43,3.23
10/2/11 20:00,2.59,0.65,8.85,2.24
10/2/11 21:00,2.24,1.23,7.65,4.21
10/2/11 22:00,1.69,0.32,5.78,1.10
10/2/11 23:00,0.93,-1.76,3.18,-6.04
10/3/11 0:00,0.26,0.04,0.90,0.14
10/3/11 1:00,-0.01,0.45,-0.05,1.55
10/3/11 2:00,-0.01,-0.09,-0.04,-0.32
10/3/11 3:00,-0.01,-0.07,-0.03,-0.24
10/3/11 4:00,-0.01,0.04,-0.03,0.14
10/3/11 5:00,-0.01,0.06,-0.03,0.21
10/3/11 6:00,-0.01,0.15,-0.02,0.51
10/3/11 7:00,-0.01,0.03,-0.02,0.09
10/3/11 8:00,-0.01,0.32,-0.02,1.09
10/3/11 9:00,-0.01,0.42,-0.02,1.43
10/3/11 10:00,-0.01,0.40,-0.02,1.38
10/3/11 11:00,-0.01,0.44,-0.02,1.51
10/3/11 12:00,0.00,0.54,-0.01,1.85
10/3/11 13:00,0.06,0.68,0.19,2.32
10/3/11 14:00,0.55,0.83,1.89,2.83
10/3/11 15:00,1.27,-0.08,4.35,-0.28
10/3/11 16:00,1.94,-1.34,6.64,-4.59
10/3/11 17:00,2.42,-1.20,8.28,-4.09
10/3/11 18:00,2.70,0.19,9.24,0.67
10/3/11 19:00,2.79,0.57,9.55,1.93
10/3/11 20:00,2.66,1.16,9.10,3.97
10/3/11 21:00,2.27,0.66,7.75,2.25
10/3/11 22:00,1.66,-1.03,5.68,-3.53
10/3/11 23:00,0.95,-3.46,3.24,-11.84
10/4/11 0:00,0.25,-1.02,0.86,-3.48
10/4/11 1:00,-0.02,0.49,-0.05,1.68
10/4/11 2:00,-0.01,-0.03,-0.04,-0.11
10/4/11 3:00,-0.01,-0.11,-0.02,-0.39
10/4/11 4:00,-0.01,-0.09,-0.02,-0.32
10/4/11 5:00,-0.01,-0.07,-0.02,-0.23
10/4/11 6:00,0.00,0.27,-0.01,0.92
10/4/11 7:00,-0.01,0.23,-0.02,0.80
10/4/11 8:00,-0.01,-0.01,-0.02,-0.04
10/4/11 9:00,-0.01,0.03,-0.02,0.10
10/4/11 10:00,0.00,0.16,-0.02,0.55
10/4/11 11:00,0.00,0.23,-0.02,0.79
10/4/11 12:00,0.00,0.28,-0.01,0.97
10/4/11 13:00,0.05,0.25,0.19,0.85
10/4/11 14:00,0.54,0.16,1.85,0.55
10/4/11 15:00,1.26,-1.00,4.30,-3.40
10/4/11 16:00,1.91,-0.23,6.54,-0.77
10/4/11 17:00,2.40,0.92,8.22,3.15
10/4/11 18:00,2.69,1.01,9.20,3.45
10/4/11 19:00,2.75,0.41,9.40,1.39
10/4/11 20:00,2.59,0.73,8.88,2.50
10/4/11 21:00,2.23,1.31,7.63,4.47
10/4/11 22:00,1.64,0.92,5.62,3.14
10/4/11 23:00,0.94,-0.77,3.23,-2.65
10/5/11 0:00,0.25,-0.32,0.85,-1.10
10/5/11 1:00,-0.02,0.34,-0.05,1.17
10/5/11 2:00,-0.01,-0.04,-0.04,-0.14
10/5/11 3:00,-0.01,-0.05,-0.02,-0.16
10/5/11 4:00,-0.01,-0.15,-0.02,-0.51
10/5/11 5:00,-0.01,-0.09,-0.02,-0.30
10/5/11 6:00,0.00,0.08,-0.02,0.26
10/5/11 7:00,-0.01,0.06,-0.02,0.20
10/5/11 8:00,-0.01,0.10,-0.02,0.36
10/5/11 9:00,-0.01,0.19,-0.02,0.66
10/5/11 10:00,0.00,0.28,-0.01,0.97
10/5/11 11:00,0.00,0.41,-0.01,1.40
10/5/11 12:00,0.00,0.42,-0.01,1.43
10/5/11 13:00,0.05,0.58,0.17,2.00
10/5/11 14:00,0.53,0.52,1.80,1.78
10/5/11 15:00,1.23,-0.59,4.19,-2.00
10/5/11 16:00,1.87,-1.24,6.41,-4.24
10/5/11 17:00,2.33,-1.76,7.96,-6.01
10/5/11 18:00,2.61,-0.40,8.91,-1.36
10/5/11 19:00,2.67,-0.39,9.14,-1.33
10/5/11 20:00,2.54,0.13,8.68,0.45
10/5/11 21:00,2.19,1.28,7.50,4.38
10/5/11 22:00,1.64,0.54,5.60,1.84
10/5/11 23:00,0.91,-2.07,3.11,-7.09
10/6/11 0:00,0.21,-0.65,0.72,-2.23
10/6/11 1:00,-0.01,0.40,-0.05,1.38
10/6/11 2:00,-0.01,0.04,-0.03,0.12
10/6/11 3:00,-0.01,0.01,-0.02,0.02
10/6/11 4:00,-0.01,0.02,-0.02,0.06
10/6/11 5:00,-0.01,-0.09,-0.02,-0.29
10/6/11 6:00,0.00,0.03,-0.02,0.11
10/6/11 7:00,0.00,0.15,-0.02,0.50
10/6/11 8:00,0.00,0.19,-0.01,0.65
10/6/11 9:00,-0.01,0.20,-0.02,0.68
10/6/11 10:00,0.00,0.26,-0.02,0.89
10/6/11 11:00,0.00,0.37,-0.01,1.26
10/6/11 12:00,0.00,0.31,-0.01,1.05
10/6/11 13:00,0.06,0.46,0.19,1.59
10/6/11 14:00,0.51,0.33,1.75,1.12
10/6/11 15:00,1.06,-0.54,3.62,-1.84
10/6/11 16:00,1.87,-1.65,6.41,-5.66
10/6/11 17:00,2.40,-1.37,8.22,-4.70
10/6/11 18:00,2.44,-0.23,8.36,-0.79
10/6/11 19:00,2.73,0.62,9.34,2.11
10/6/11 20:00,2.41,1.92,8.24,6.56
10/6/11 21:00,2.03,1.95,6.94,6.68
10/6/11 22:00,1.62,1.52,5.54,5.19
10/6/11 23:00,0.66,2.41,2.27,8.25
10/7/11 0:00,0.11,2.36,0.39,8.06
10/7/11 1:00,-0.01,1.24,-0.04,4.25
10/7/11 2:00,-0.01,1.08,-0.03,3.69
10/7/11 3:00,-0.01,0.46,-0.05,1.58
10/7/11 4:00,-0.01,0.34,-0.02,1.18
10/7/11 5:00,-0.01,0.09,-0.04,0.31
10/7/11 6:00,-0.01,0.11,-0.03,0.38
10/7/11 7:00,0.00,0.35,0.00,1.21
10/7/11 8:00,-0.01,0.43,-0.02,1.47
10/7/11 9:00,-0.01,0.23,-0.04,0.80
10/7/11 10:00,-0.01,0.52,-0.03,1.78
10/7/11 11:00,-0.01,0.72,-0.03,2.46
10/7/11 12:00,-0.01,0.91,-0.02,3.11
10/7/11 13:00,0.05,0.98,0.17,3.35
10/7/11 14:00,0.37,1.17,1.25,3.99
10/7/11 15:00,1.14,0.84,3.89,2.87
10/7/11 16:00,1.06,0.79,3.62,2.71
10/7/11 17:00,2.06,2.96,7.05,10.14
10/7/11 18:00,2.39,3.55,8.19,12.13
10/7/11 19:00,2.43,2.75,8.32,9.41
10/7/11 20:00,2.23,2.12,7.64,7.25
10/7/11 21:00,2.13,2.09,7.30,7.15
10/7/11 22:00,1.46,2.47,4.98,8.45
10/7/11 23:00,0.71,1.75,2.41,6.00
10/8/11 0:00,0.16,1.13,0.54,3.88
10/8/11 1:00,-0.01,0.38,-0.03,1.31
10/8/11 2:00,-0.01,0.38,-0.03,1.28
10/8/11 3:00,-0.01,1.40,-0.03,4.78
10/8/11 4:00,-0.01,1.27,-0.03,4.33
10/8/11 5:00,-0.01,0.20,-0.03,0.68
10/8/11 6:00,-0.01,0.27,-0.03,0.91
10/8/11 7:00,-0.01,0.04,-0.03,0.15
10/8/11 8:00,-0.01,0.37,-0.04,1.25
10/8/11 9:00,-0.01,0.55,-0.03,1.87
10/8/11 10:00,-0.01,0.83,-0.02,2.84
10/8/11 11:00,-0.01,0.98,-0.03,3.36
10/8/11 12:00,-0.01,1.07,-0.03,3.65
10/8/11 13:00,0.03,1.22,0.10,4.18
10/8/11 14:00,0.40,0.98,1.37,3.36
10/8/11 15:00,1.15,0.61,3.94,2.10
10/8/11 16:00,1.95,2.40,6.67,8.20
10/8/11 17:00,2.16,2.96,7.40,10.13
10/8/11 18:00,2.72,3.13,9.30,10.71
10/8/11 19:00,2.76,3.11,9.45,10.64
10/8/11 20:00,2.60,2.77,8.88,9.46
10/8/11 21:00,2.22,2.23,7.60,7.63
10/8/11 22:00,1.64,1.07,5.62,3.66
10/8/11 23:00,0.92,0.24,3.16,0.82
10/9/11 0:00,0.22,0.96,0.75,3.30
10/9/11 1:00,-0.01,0.44,-0.04,1.51
10/9/11 2:00,-0.01,0.43,-0.03,1.47
10/9/11 3:00,-0.01,0.37,-0.02,1.27
10/9/11 4:00,-0.01,0.30,-0.03,1.04
10/9/11 5:00,-0.01,0.59,-0.03,2.03
10/9/11 6:00,-0.01,-0.01,-0.03,-0.05
10/9/11 7:00,-0.01,0.47,-0.03,1.61
10/9/11 8:00,-0.01,0.46,-0.04,1.56
10/9/11 9:00,-0.01,0.41,-0.03,1.39
10/9/11 10:00,-0.01,0.70,-0.03,2.41
10/9/11 11:00,-0.01,0.78,-0.02,2.68
10/9/11 12:00,-0.01,1.05,-0.03,3.60
10/9/11 13:00,0.02,1.19,0.08,4.06
10/9/11 14:00,0.51,1.59,1.76,5.44
10/9/11 15:00,1.23,1.08,4.21,3.68
10/9/11 16:00,1.90,2.56,6.49,8.76
10/9/11 17:00,2.40,3.35,8.22,11.46
10/9/11 18:00,2.67,3.35,9.14,11.47
10/9/11 19:00,2.74,2.69,9.37,9.22
10/9/11 20:00,2.58,2.31,8.81,7.92
10/9/11 21:00,2.19,2.04,7.49,6.98
10/9/11 22:00,1.61,2.37,5.50,8.10
10/9/11 23:00,0.90,1.97,3.08,6.73
10/10/11 0:00,0.20,0.96,0.70,3.29
10/10/11 1:00,-0.01,0.42,-0.04,1.43
10/10/11 2:00,-0.01,-0.12,-0.04,-0.41
10/10/11 3:00,-0.01,0.12,-0.02,0.39
10/10/11 4:00,-0.01,0.18,-0.02,0.61
10/10/11 5:00,-0.01,0.35,-0.03,1.19
10/10/11 6:00,-0.01,0.46,-0.02,1.57
10/10/11 7:00,-0.01,0.62,-0.02,2.12
10/10/11 8:00,-0.01,0.74,-0.02,2.52
10/10/11 9:00,-0.01,0.83,-0.02,2.83
10/10/11 10:00,0.00,0.97,-0.02,3.30
10/10/11 11:00,-0.01,1.05,-0.02,3.59
10/10/11 12:00,-0.01,1.07,-0.02,3.65
10/10/11 13:00,0.02,1.13,0.08,3.86
10/10/11 14:00,0.50,1.52,1.71,5.20
10/10/11 15:00,1.21,1.38,4.14,4.73
10/10/11 16:00,1.88,1.51,6.43,5.17
10/10/11 17:00,2.36,0.52,8.06,1.78
10/10/11 18:00,2.61,-0.31,8.93,-1.05
10/10/11 19:00,2.68,-0.36,9.15,-1.23
10/10/11 20:00,2.52,-0.77,8.60,-2.64
10/10/11 21:00,2.13,-1.75,7.30,-5.97
10/10/11 22:00,1.57,-2.34,5.37,-7.99
10/10/11 23:00,0.86,-2.08,2.95,-7.13
10/11/11 0:00,0.18,-0.10,0.62,-0.35
10/11/11 1:00,-0.02,0.08,-0.05,0.27
10/11/11 2:00,-0.01,-0.06,-0.03,-0.19
10/11/11 3:00,-0.01,-0.01,-0.03,-0.05
10/11/11 4:00,-0.01,-0.07,-0.02,-0.23
10/11/11 5:00,-0.01,0.09,-0.02,0.30
10/11/11 6:00,-0.01,0.06,-0.02,0.21
10/11/11 7:00,0.00,0.11,-0.01,0.38
10/11/11 8:00,0.00,0.23,-0.01,0.78
10/11/11 9:00,0.00,0.30,-0.01,1.02
10/11/11 10:00,0.00,0.49,-0.01,1.68
10/11/11 11:00,0.00,0.49,-0.01,1.66
10/11/11 12:00,0.00,0.60,-0.01,2.06
10/11/11 13:00,0.02,0.68,0.08,2.32
10/11/11 14:00,0.49,0.81,1.69,2.76
10/11/11 15:00,1.19,0.18,4.08,0.61
10/11/11 16:00,1.84,-1.92,6.29,-6.56
10/11/11 17:00,2.31,-1.29,7.92,-4.41
10/11/11 18:00,2.59,-0.07,8.85,-0.23
10/11/11 19:00,2.64,0.19,9.04,0.65
10/11/11 20:00,2.48,0.27,8.48,0.92
10/11/11 21:00,2.11,-0.36,7.22,-1.24
10/11/11 22:00,1.52,-1.51,5.21,-5.18
10/11/11 23:00,0.82,-2.80,2.81,-9.58
10/12/11 0:00,0.16,-0.22,0.55,-0.75
10/12/11 1:00,-0.01,0.45,-0.05,1.53
10/12/11 2:00,-0.01,0.00,-0.04,-0.01
10/12/11 3:00,-0.01,0.04,-0.03,0.13
10/12/11 4:00,-0.01,0.03,-0.02,0.09
10/12/11 5:00,-0.01,-0.05,-0.02,-0.15
10/12/11 6:00,0.00,-0.01,-0.01,-0.03
10/12/11 7:00,-0.01,-0.02,-0.02,-0.07
10/12/11 8:00,0.00,0.14,-0.01,0.47
10/12/11 9:00,0.00,0.32,-0.01,1.11
10/12/11 10:00,0.00,0.36,-0.01,1.22
10/12/11 11:00,-0.01,0.25,-0.02,0.86
10/12/11 12:00,-0.01,0.34,-0.02,1.18
10/12/11 13:00,0.02,0.45,0.08,1.54
10/12/11 14:00,0.47,0.39,1.62,1.33
10/12/11 15:00,1.17,-0.53,4.00,-1.83
10/12/11 16:00,1.81,-1.70,6.19,-5.80
10/12/11 17:00,2.29,-1.25,7.84,-4.28
10/12/11 18:00,2.56,-0.52,8.75,-1.77
10/12/11 19:00,2.62,0.24,8.95,0.81
10/12/11 20:00,2.46,0.17,8.40,0.58
10/12/11 21:00,2.07,-0.85,7.08,-2.89
10/12/11 22:00,1.49,-2.83,5.08,-9.69
10/12/11 23:00,0.80,-2.16,2.74,-7.38
10/13/11 0:00,0.14,-0.76,0.50,-2.59
10/13/11 1:00,-0.02,0.34,-0.06,1.16
10/13/11 2:00,-0.01,-0.02,-0.03,-0.06
10/13/11 3:00,-0.01,0.05,-0.03,0.18
10/13/11 4:00,-0.01,0.11,-0.02,0.38
10/13/11 5:00,-0.01,0.01,-0.02,0.03
10/13/11 6:00,0.00,-0.09,-0.02,-0.32
10/13/11 7:00,-0.01,0.01,-0.02,0.04
10/13/11 8:00,0.00,0.00,-0.01,-0.01
10/13/11 9:00,0.00,0.23,-0.01,0.80
10/13/11 10:00,0.00,0.18,-0.02,0.61
10/13/11 11:00,0.00,0.26,-0.01,0.87
10/13/11 12:00,-0.01,0.20,-0.02,0.67
10/13/11 13:00,0.02,0.29,0.07,0.99
10/13/11 14:00,0.47,0.25,1.60,0.86
10/13/11 15:00,1.16,-0.62,3.97,-2.12
10/13/11 16:00,1.81,-2.21,6.19,-7.58
10/13/11 17:00,2.29,-1.15,7.84,-3.95
10/13/11 18:00,2.57,0.30,8.79,1.03
10/13/11 19:00,2.63,0.65,8.98,2.21
10/13/11 20:00,2.46,0.45,8.41,1.55
10/13/11 21:00,2.08,-0.68,7.12,-2.33
10/13/11 22:00,1.50,-2.67,5.13,-9.14
10/13/11 23:00,0.79,-2.69,2.72,-9.20
10/14/11 0:00,0.14,-0.87,0.47,-2.96
10/14/11 1:00,-0.02,0.35,-0.06,1.19
10/14/11 2:00,-0.01,-0.05,-0.04,-0.16
10/14/11 3:00,-0.01,0.08,-0.03,0.26
10/14/11 4:00,-0.01,-0.10,-0.03,-0.33
10/14/11 5:00,-0.01,-0.13,-0.02,-0.43
10/14/11 6:00,0.00,-0.08,-0.01,-0.27
10/14/11 7:00,0.00,-0.03,-0.01,-0.10
10/14/11 8:00,-0.01,0.09,-0.02,0.32
10/14/11 9:00,0.00,0.14,-0.01,0.47
10/14/11 10:00,-0.01,0.15,-0.02,0.52
10/14/11 11:00,0.00,0.20,-0.02,0.69
10/14/11 12:00,0.00,0.21,-0.02,0.72
10/14/11 13:00,0.02,0.32,0.06,1.08
10/14/11 14:00,0.46,0.18,1.56,0.61
10/14/11 15:00,1.14,-0.53,3.91,-1.83
10/14/11 16:00,1.79,-1.69,6.13,-5.78
10/14/11 17:00,2.28,-0.69,7.80,-2.37
10/14/11 18:00,2.53,0.03,8.67,0.12
10/14/11 19:00,2.58,0.42,8.84,1.44
10/14/11 20:00,2.42,0.38,8.29,1.30
10/14/11 21:00,2.04,-0.70,6.99,-2.41
10/14/11 22:00,1.47,-1.20,5.04,-4.10
10/14/11 23:00,0.77,-3.39,2.65,-11.61
10/15/11 0:00,0.13,-0.62,0.44,-2.11
10/15/11 1:00,-0.02,0.13,-0.06,0.45
10/15/11 2:00,-0.01,-0.02,-0.03,-0.07
10/15/11 3:00,-0.01,-0.12,-0.03,-0.41
10/15/11 4:00,-0.01,-0.04,-0.02,-0.14
10/15/11 5:00,-0.01,0.07,-0.02,0.25
10/15/11 6:00,-0.01,0.02,-0.02,0.07
10/15/11 7:00,0.00,-0.04,-0.02,-0.14
10/15/11 8:00,0.00,0.03,-0.02,0.10
10/15/11 9:00,0.00,0.03,-0.02,0.10
10/15/11 10:00,0.00,0.08,-0.01,0.27
10/15/11 11:00,0.00,0.15,-0.01,0.51
10/15/11 12:00,0.00,0.22,-0.01,0.76
10/15/11 13:00,0.02,0.33,0.07,1.14
10/15/11 14:00,0.39,0.18,1.34,0.62
10/15/11 15:00,1.04,-0.48,3.55,-1.64
10/15/11 16:00,1.67,-2.27,5.71,-7.77
10/15/11 17:00,2.15,-1.93,7.35,-6.60
10/15/11 18:00,2.41,-1.07,8.25,-3.68
10/15/11 19:00,2.46,-0.31,8.41,-1.05
10/15/11 20:00,2.28,-0.47,7.82,-1.62
10/15/11 21:00,1.86,0.70,6.37,2.40
10/15/11 22:00,1.26,-0.11,4.30,-0.36
10/15/11 23:00,0.51,-0.98,1.73,-3.37
10/16/11 0:00,0.07,0.21,0.24,0.72
10/16/11 1:00,-0.02,0.07,-0.05,0.23
10/16/11 2:00,-0.01,0.03,-0.03,0.10
10/16/11 3:00,-0.01,-0.13,-0.03,-0.44
10/16/11 4:00,-0.01,-0.04,-0.02,-0.15
10/16/11 5:00,-0.01,-0.11,-0.02,-0.37
10/16/11 6:00,0.00,0.03,-0.01,0.10
10/16/11 7:00,0.00,0.06,-0.02,0.20
10/16/11 8:00,-0.01,-0.03,-0.02,-0.09
10/16/11 9:00,0.00,-0.03,-0.01,-0.09
10/16/11 10:00,0.00,0.09,-0.01,0.29
10/16/11 11:00,0.00,0.03,-0.01,0.10
10/16/11 12:00,0.00,0.10,-0.01,0.35
10/16/11 13:00,0.01,0.14,0.05,0.48
10/16/11 14:00,0.33,0.26,1.14,0.87
10/16/11 15:00,0.80,0.12,2.74,0.40
10/16/11 16:00,1.34,-0.82,4.58,-2.82
10/16/11 17:00,1.85,-2.42,6.31,-8.29
10/16/11 18:00,2.07,-2.58,7.08,-8.84
10/16/11 19:00,1.74,-3.33,5.94,-11.39
10/16/11 20:00,2.16,-1.03,7.38,-3.51
10/16/11 21:00,1.68,-1.60,5.74,-5.48
10/16/11 22:00,1.07,-2.02,3.66,-6.90
10/16/11 23:00,0.53,-0.68,1.80,-2.33
10/17/11 0:00,0.05,0.36,0.17,1.25
10/17/11 1:00,-0.01,-0.12,-0.05,-0.41
10/17/11 2:00,-0.01,-0.18,-0.03,-0.63
10/17/11 3:00,-0.01,-0.15,-0.02,-0.51
10/17/11 4:00,-0.01,-0.15,-0.02,-0.51
10/17/11 5:00,-0.01,-0.12,-0.02,-0.42
10/17/11 6:00,0.00,-0.08,-0.02,-0.28
10/17/11 7:00,0.00,-0.02,-0.01,-0.06
10/17/11 8:00,0.00,-0.04,-0.01,-0.13
10/17/11 9:00,0.00,0.00,-0.01,0.00
10/17/11 10:00,0.00,0.04,-0.01,0.15
10/17/11 11:00,0.00,0.07,-0.01,0.25
10/17/11 12:00,0.00,0.12,-0.02,0.42
10/17/11 13:00,0.01,0.21,0.03,0.72
10/17/11 14:00,0.29,0.30,0.98,1.03
10/17/11 15:00,0.87,0.21,2.96,0.72
10/17/11 16:00,1.50,-2.03,5.13,-6.95
10/17/11 17:00,1.97,-2.34,6.75,-8.00
10/17/11 18:00,2.33,-0.26,7.99,-0.87
10/17/11 19:00,2.39,1.05,8.17,3.60
10/17/11 20:00,2.06,-0.37,7.06,-1.25
10/17/11 21:00,1.70,-0.32,5.81,-1.10
10/17/11 22:00,0.90,-2.30,3.07,-7.87
10/17/11 23:00,0.59,-1.16,2.02,-3.96
10/18/11 0:00,0.07,0.14,0.23,0.49
10/18/11 1:00,-0.01,-0.11,-0.05,-0.37
10/18/11 2:00,-0.01,-0.19,-0.03,-0.66
10/18/11 3:00,-0.01,-0.14,-0.02,-0.48
10/18/11 4:00,-0.01,-0.15,-0.02,-0.51
10/18/11 5:00,0.00,-0.14,-0.02,-0.48
10/18/11 6:00,0.00,-0.11,-0.01,-0.39
10/18/11 7:00,-0.01,-0.09,-0.02,-0.31
10/18/11 8:00,0.00,-0.08,-0.01,-0.26
10/18/11 9:00,-0.01,-0.05,-0.02,-0.17
10/18/11 10:00,0.00,-0.01,-0.01,-0.05
10/18/11 11:00,-0.01,0.04,-0.02,0.13
10/18/11 12:00,0.00,0.09,-0.01,0.31
10/18/11 13:00,0.01,0.12,0.03,0.42
10/18/11 14:00,0.27,0.15,0.93,0.53
10/18/11 15:00,0.87,-0.24,2.96,-0.82
10/18/11 16:00,1.61,-2.59,5.50,-8.84
10/18/11 17:00,2.04,-3.66,6.97,-12.51
10/18/11 18:00,2.24,-2.35,7.68,-8.04
10/18/11 19:00,2.40,0.26,8.21,0.89
10/18/11 20:00,2.21,1.63,7.57,5.59
10/18/11 21:00,1.87,1.40,6.39,4.80
10/18/11 22:00,1.29,0.91,4.41,3.13
10/18/11 23:00,0.67,0.40,2.29,1.38
10/19/11 0:00,0.07,0.59,0.23,2.03
10/19/11 1:00,-0.02,0.02,-0.05,0.07
10/19/11 2:00,-0.01,-0.17,-0.02,-0.59
10/19/11 3:00,-0.01,-0.18,-0.02,-0.63
10/19/11 4:00,0.00,-0.16,-0.01,-0.54
10/19/11 5:00,0.00,-0.15,-0.01,-0.53
10/19/11 6:00,0.00,-0.11,-0.02,-0.37
10/19/11 7:00,-0.01,-0.09,-0.02,-0.30
10/19/11 8:00,0.00,-0.06,-0.01,-0.21
10/19/11 9:00,0.00,-0.01,-0.01,-0.03
10/19/11 10:00,0.00,0.03,-0.02,0.10
10/19/11 11:00,0.00,0.24,-0.01,0.82
10/19/11 12:00,0.00,0.57,-0.01,1.95
10/19/11 13:00,0.01,0.79,0.05,2.69
10/19/11 14:00,0.30,1.03,1.01,3.51
10/19/11 15:00,0.77,0.95,2.63,3.25
10/19/11 16:00,1.46,1.09,4.99,3.74
10/19/11 17:00,1.86,1.73,6.38,5.93
10/19/11 18:00,2.15,1.21,7.35,4.15
10/19/11 19:00,2.23,0.51,7.62,1.73
10/19/11 20:00,1.84,-0.11,6.28,-0.38
10/19/11 21:00,1.62,-0.65,5.53,-2.23
10/19/11 22:00,1.13,-0.76,3.87,-2.62
10/19/11 23:00,0.50,0.09,1.71,0.30
10/20/11 0:00,0.05,0.30,0.19,1.04
10/20/11 1:00,-0.01,0.39,-0.04,1.33
10/20/11 2:00,-0.01,-0.18,-0.04,-0.63
10/20/11 3:00,0.00,0.08,-0.01,0.28
10/20/11 4:00,-0.01,0.24,-0.02,0.83
10/20/11 5:00,-0.01,0.21,-0.04,0.71
10/20/11 6:00,-0.01,0.47,-0.03,1.62
10/20/11 7:00,-0.01,0.37,-0.03,1.25
10/20/11 8:00,-0.01,0.32,-0.03,1.09
10/20/11 9:00,-0.01,0.32,-0.03,1.09
10/20/11 10:00,-0.01,0.28,-0.03,0.96
10/20/11 11:00,-0.01,0.28,-0.03,0.94
10/20/11 12:00,-0.01,0.27,-0.03,0.93
10/20/11 13:00,0.00,0.38,0.02,1.30
10/20/11 14:00,0.38,0.80,1.31,2.74
10/20/11 15:00,1.09,0.92,3.72,3.15
10/20/11 16:00,1.76,1.35,6.01,4.61
10/20/11 17:00,2.25,1.95,7.70,6.66
10/20/11 18:00,2.52,2.35,8.60,8.05
10/20/11 19:00,2.58,2.28,8.82,7.79
10/20/11 20:00,2.40,1.91,8.20,6.54
10/20/11 21:00,2.00,1.38,6.85,4.72
10/20/11 22:00,1.41,1.92,4.82,6.57
10/20/11 23:00,0.67,1.01,2.29,3.46
10/21/11 0:00,0.06,1.23,0.20,4.21
10/21/11 1:00,-0.01,0.55,-0.04,1.87
10/21/11 2:00,-0.01,0.51,-0.04,1.75
10/21/11 3:00,-0.01,0.54,-0.03,1.85
10/21/11 4:00,-0.01,0.10,-0.04,0.33
10/21/11 5:00,-0.01,0.27,-0.03,0.94
10/21/11 6:00,-0.01,0.22,-0.04,0.74
10/21/11 7:00,-0.01,0.43,-0.03,1.47
10/21/11 8:00,-0.01,0.62,-0.03,2.11
10/21/11 9:00,-0.01,0.78,-0.03,2.68
10/21/11 10:00,-0.01,0.86,-0.03,2.95
10/21/11 11:00,-0.01,0.92,-0.02,3.15
10/21/11 12:00,-0.01,0.94,-0.02,3.22
10/21/11 13:00,0.01,0.99,0.02,3.37
10/21/11 14:00,0.47,1.51,1.62,5.17
10/21/11 15:00,1.04,1.70,3.56,5.81
10/21/11 16:00,1.68,0.69,5.74,2.37
,,,,
,,,,
,,,,
,,,,